{
    "train_iou": [
        [
            0.6884639673909881,
            0.11040301215857411
        ]
    ],
    "val_iou": [
        [
            0.7009981140598159,
            0.10202063335870729
        ]
    ],
    "train_loss": [
        0.6462780789228586
    ],
    "val_loss": [
        0.6481507970736577
    ],
    "train_pix_acc": [
        0.7000605363338473
    ],
    "val_pix_acc": [
        0.7108215082908164
    ],
    "train_miou": [
        0.3994334897747811
    ],
    "val_miou": [
        0.4015093737092616
    ],
    "lr": [
        [
            4e-09
        ]
    ],
    "train_precision": [
        0.5107761911195025
    ],
    "val_precision": [
        0.5612796700091511
    ],
    "train_dice": [
        0.5071718007919718
    ],
    "val_dice": [
        0.5046858452841381
    ],
    "train_FWlou": [
        0.5647477727782559
    ],
    "val_FWlou": [
        0.5401438432953307
    ],
    "need_time": 98.79576826095581
}